{
    "mean": [
        122.04405975341797
    ],
    "std": [
        36.374122619628906
    ],
    "min": 0.0,
    "max": 255.0,
    "percentile_1": 39.0,
    "percentile_99": 187.0
}